Order ID,Date,Customer ID,Region,Category,Product,Quantity,Price
1001,2023-01-01 00:00:00.000000000,CUST0103,North,Electronics,Laptop,2,3079
1002,2023-01-01 08:44:41.081081081,CUST0180,South,Groceries,Shirt,1,4869
1003,2023-01-01 17:29:22.162162162,CUST0093,West,Electronics,Shoes,5,1836
1004,2023-01-02 02:14:03.243243243,CUST0015,South,Fashion,TV,4,3711
1005,2023-01-02 10:58:44.324324324,CUST0107,West,Electronics,Headphones,5,2353
1006,2023-01-02 19:43:25.405405405,CUST0072,South,Groceries,Shoes,4,2394
1007,2023-01-03 04:28:06.486486486,CUST0189,East,Groceries,Mobile,3,3730
1008,2023-01-03 13:12:47.567567567,CUST0021,West,Groceries,TV,4,246
1009,2023-01-03 21:57:28.648648648,CUST0103,East,Fashion,Sofa,3,4082
1010,2023-01-04 06:42:09.729729729,CUST0122,North,Fashion,Shirt,1,3553
1011,2023-01-04 15:26:50.810810810,CUST0075,South,Furniture,Sofa,4,4607
1012,2023-01-05 00:11:31.891891891,CUST0088,North,Groceries,Sofa,5,2510
1013,2023-01-05 08:56:12.972972973,CUST0117,North,Electronics,Rice,3,236
1014,2023-01-05 17:40:54.054054054,CUST0100,North,Fashion,Shoes,5,3460
1015,2023-01-06 02:25:35.135135135,CUST0104,North,Groceries,Headphones,2,3105
1016,2023-01-06 11:10:16.216216216,CUST0152,South,Groceries,Laptop,3,3652
1017,2023-01-06 19:54:57.297297297,CUST0131,North,Fashion,Headphones,4,118
1018,2023-01-07 04:39:38.378378378,CUST0150,South,Furniture,Sofa,3,2342
1019,2023-01-07 13:24:19.459459459,CUST0053,South,Fashion,Mobile,5,548
1020,2023-01-07 22:09:00.540540540,CUST0002,East,Fashion,Shirt,1,2048
1021,2023-01-08 06:53:41.621621621,CUST0088,West,Electronics,Watch,3,1045
1022,2023-01-08 15:38:22.702702702,CUST0158,West,Electronics,Headphones,4,4336
1023,2023-01-09 00:23:03.783783783,CUST0038,South,Furniture,Sofa,2,2020
1024,2023-01-09 09:07:44.864864864,CUST0130,East,Groceries,Shirt,1,3077
1025,2023-01-09 17:52:25.945945946,CUST0192,South,Fashion,TV,2,4288
1026,2023-01-10 02:37:07.027027027,CUST0188,South,Furniture,Shoes,3,4115
1027,2023-01-10 11:21:48.108108108,CUST0021,South,Electronics,Table,5,338
1028,2023-01-10 20:06:29.189189189,CUST0161,East,Fashion,Rice,5,304
1029,2023-01-11 04:51:10.270270270,CUST0058,West,Groceries,Shirt,4,2707
1030,2023-01-11 13:35:51.351351351,CUST0022,East,Electronics,Mobile,5,4440
1031,2023-01-11 22:20:32.432432432,CUST0089,North,Electronics,Mobile,1,3488
1032,2023-01-12 07:05:13.513513513,CUST0049,East,Electronics,Shirt,5,3072
1033,2023-01-12 15:49:54.594594594,CUST0059,East,Furniture,Mobile,4,4490
1034,2023-01-13 00:34:35.675675675,CUST0170,East,Groceries,Shoes,3,2787
1035,2023-01-13 09:19:16.756756756,CUST0188,East,Fashion,Mobile,3,4266
1036,2023-01-13 18:03:57.837837837,CUST0015,West,Furniture,Headphones,5,1448
1037,2023-01-14 02:48:38.918918919,CUST0190,North,Furniture,Table,2,4500
1038,2023-01-14 11:33:20.000000000,CUST0190,West,Furniture,Mobile,3,916
1039,2023-01-14 20:18:01.081081081,CUST0175,West,Electronics,Table,5,920
1040,2023-01-15 05:02:42.162162162,CUST0190,East,Groceries,Sofa,4,292
1041,2023-01-15 13:47:23.243243243,CUST0051,South,Furniture,Laptop,5,1876
1042,2023-01-15 22:32:04.324324324,CUST0108,South,Fashion,Shoes,3,3745
1043,2023-01-16 07:16:45.405405405,CUST0055,West,Groceries,Laptop,4,4724
1044,2023-01-16 16:01:26.486486486,CUST0064,West,Fashion,Sofa,5,350
1045,2023-01-17 00:46:07.567567567,CUST0131,East,Groceries,Shoes,1,1888
1046,2023-01-17 09:30:48.648648648,CUST0051,West,Fashion,Shirt,4,3800
1047,2023-01-17 18:15:29.729729729,CUST0135,East,Electronics,Shirt,1,2563
1048,2023-01-18 03:00:10.810810810,CUST0021,South,Furniture,Table,2,1267
1049,2023-01-18 11:44:51.891891892,CUST0073,South,Fashion,Sofa,4,3993
1050,2023-01-18 20:29:32.972972973,CUST0167,North,Groceries,Table,1,1196
1051,2023-01-19 05:14:14.054054054,CUST0018,South,Furniture,Rice,3,2779
1052,2023-01-19 13:58:55.135135135,CUST0132,West,Furniture,Mobile,3,1947
1053,2023-01-19 22:43:36.216216216,CUST0089,South,Groceries,Watch,2,4004
1054,2023-01-20 07:28:17.297297297,CUST0060,East,Fashion,Rice,4,604
1055,2023-01-20 16:12:58.378378378,CUST0014,South,Electronics,Mobile,4,1721
1056,2023-01-21 00:57:39.459459459,CUST0009,North,Electronics,Shoes,4,2572
1057,2023-01-21 09:42:20.540540540,CUST0090,South,Fashion,Table,2,2646
1058,2023-01-21 18:27:01.621621621,CUST0053,East,Furniture,Shoes,4,1487
1059,2023-01-22 03:11:42.702702702,CUST0130,East,Furniture,Shoes,3,3094
1060,2023-01-22 11:56:23.783783783,CUST0084,West,Furniture,Mobile,1,3916
1061,2023-01-22 20:41:04.864864865,CUST0092,South,Furniture,Sofa,3,817
1062,2023-01-23 05:25:45.945945946,CUST0111,East,Fashion,Mobile,3,3584
1063,2023-01-23 14:10:27.027027027,CUST0188,North,Furniture,TV,1,4534
1064,2023-01-23 22:55:08.108108108,CUST0199,West,Groceries,Shirt,3,758
1065,2023-01-24 07:39:49.189189189,CUST0172,North,Furniture,Shirt,2,4108
1066,2023-01-24 16:24:30.270270270,CUST0008,South,Electronics,Rice,1,4624
1067,2023-01-25 01:09:11.351351351,CUST0175,South,Furniture,Shirt,3,4334
1068,2023-01-25 09:53:52.432432432,CUST0035,South,Fashion,Mobile,5,3864
1069,2023-01-25 18:38:33.513513513,CUST0081,West,Electronics,Headphones,3,3089
1070,2023-01-26 03:23:14.594594594,CUST0164,East,Fashion,Table,2,4737
1071,2023-01-26 12:07:55.675675675,CUST0050,West,Fashion,Mobile,4,2204
1072,2023-01-26 20:52:36.756756756,CUST0104,North,Electronics,Mobile,3,1355
1073,2023-01-27 05:37:17.837837838,CUST0132,West,Fashion,Watch,4,2582
1074,2023-01-27 14:21:58.918918919,CUST0002,North,Fashion,Table,5,483
1075,2023-01-27 23:06:40.000000000,CUST0134,West,Furniture,TV,3,2707
1076,2023-01-28 07:51:21.081081081,CUST0054,East,Groceries,Shirt,1,293
1077,2023-01-28 16:36:02.162162162,CUST0106,North,Fashion,Table,4,3907
1078,2023-01-29 01:20:43.243243243,CUST0004,South,Fashion,Shirt,5,3819
1079,2023-01-29 10:05:24.324324324,CUST0054,South,Fashion,Rice,1,2681
1080,2023-01-29 18:50:05.405405405,CUST0191,West,Furniture,Table,1,2665
1081,2023-01-30 03:34:46.486486486,CUST0146,South,Groceries,Shirt,1,2863
1082,2023-01-30 12:19:27.567567567,CUST0044,North,Electronics,TV,1,2898
1083,2023-01-30 21:04:08.648648648,CUST0162,South,Furniture,Laptop,3,2439
1084,2023-01-31 05:48:49.729729730,CUST0190,East,Furniture,Shoes,3,3506
1085,2023-01-31 14:33:30.810810811,CUST0014,East,Groceries,Shoes,3,831
1086,2023-01-31 23:18:11.891891892,CUST0095,West,Groceries,TV,5,2972
1087,2023-02-01 08:02:52.972972973,CUST0048,North,Furniture,Watch,5,3220
1088,2023-02-01 16:47:34.054054054,CUST0015,East,Electronics,Laptop,5,4880
1089,2023-02-02 01:32:15.135135135,CUST0190,East,Furniture,Rice,2,4277
1090,2023-02-02 10:16:56.216216216,CUST0040,North,Groceries,TV,5,2704
1091,2023-02-02 19:01:37.297297297,CUST0082,South,Electronics,Shoes,3,2482
1092,2023-02-03 03:46:18.378378378,CUST0111,South,Groceries,Shoes,3,631
1093,2023-02-03 12:30:59.459459459,CUST0053,West,Electronics,Shoes,2,4416
1094,2023-02-03 21:15:40.540540540,CUST0024,South,Fashion,Sofa,2,734
1095,2023-02-04 06:00:21.621621621,CUST0154,North,Groceries,TV,5,1869
1096,2023-02-04 14:45:02.702702703,CUST0188,East,Groceries,Mobile,4,3904
1097,2023-02-04 23:29:43.783783784,CUST0124,South,Furniture,Rice,2,2470
1098,2023-02-05 08:14:24.864864865,CUST0041,West,Groceries,Shoes,1,102
1099,2023-02-05 16:59:05.945945946,CUST0157,South,Groceries,Shirt,3,305
1100,2023-02-06 01:43:47.027027027,CUST0015,North,Fashion,TV,1,4235
1101,2023-02-06 10:28:28.108108108,CUST0045,West,Groceries,Sofa,3,2721
1102,2023-02-06 19:13:09.189189189,CUST0065,South,Fashion,TV,3,4839
1103,2023-02-07 03:57:50.270270270,CUST0089,West,Fashion,Rice,2,2990
1104,2023-02-07 12:42:31.351351351,CUST0071,North,Fashion,Sofa,2,3293
1105,2023-02-07 21:27:12.432432432,CUST0009,East,Fashion,Rice,1,2766
1106,2023-02-08 06:11:53.513513513,CUST0088,North,Electronics,TV,3,3406
1107,2023-02-08 14:56:34.594594594,CUST0129,North,Furniture,Mobile,1,997
1108,2023-02-08 23:41:15.675675676,CUST0136,North,Electronics,Rice,4,1185
1109,2023-02-09 08:25:56.756756757,CUST0063,North,Groceries,Sofa,1,1379
1110,2023-02-09 17:10:37.837837838,CUST0139,East,Electronics,Sofa,5,770
1111,2023-02-10 01:55:18.918918919,CUST0081,East,Electronics,Rice,1,1605
1112,2023-02-10 10:40:00.000000000,CUST0136,West,Groceries,Headphones,5,3675
1113,2023-02-10 19:24:41.081081081,CUST0163,South,Groceries,TV,5,4914
1114,2023-02-11 04:09:22.162162162,CUST0163,East,Groceries,Headphones,5,2055
1115,2023-02-11 12:54:03.243243243,CUST0033,East,Electronics,Watch,4,349
1116,2023-02-11 21:38:44.324324324,CUST0123,South,Electronics,TV,1,1992
1117,2023-02-12 06:23:25.405405405,CUST0005,East,Groceries,Rice,1,3539
1118,2023-02-12 15:08:06.486486486,CUST0041,North,Furniture,Laptop,4,1953
1119,2023-02-12 23:52:47.567567567,CUST0028,North,Furniture,Rice,3,2954
1120,2023-02-13 08:37:28.648648649,CUST0135,South,Fashion,Headphones,2,1603
1121,2023-02-13 17:22:09.729729730,CUST0072,West,Groceries,Mobile,1,3485
1122,2023-02-14 02:06:50.810810811,CUST0012,West,Fashion,Rice,2,3671
1123,2023-02-14 10:51:31.891891892,CUST0162,South,Furniture,Rice,4,3892
1124,2023-02-14 19:36:12.972972973,CUST0033,South,Fashion,Mobile,3,3526
1125,2023-02-15 04:20:54.054054054,CUST0048,North,Groceries,Rice,3,143
1126,2023-02-15 13:05:35.135135135,CUST0151,West,Groceries,Shoes,3,3712
1127,2023-02-15 21:50:16.216216216,CUST0062,East,Groceries,Laptop,4,2718
1128,2023-02-16 06:34:57.297297297,CUST0037,North,Electronics,Shirt,5,4778
1129,2023-02-16 15:19:38.378378378,CUST0099,South,Fashion,Laptop,5,3263
1130,2023-02-17 00:04:19.459459459,CUST0172,West,Furniture,Rice,2,1388
1131,2023-02-17 08:49:00.540540540,CUST0104,East,Furniture,Shoes,5,3042
1132,2023-02-17 17:33:41.621621621,CUST0035,East,Furniture,TV,5,319
1133,2023-02-18 02:18:22.702702703,CUST0193,North,Electronics,Rice,3,2025
1134,2023-02-18 11:03:03.783783784,CUST0101,West,Electronics,Headphones,3,3072
1135,2023-02-18 19:47:44.864864865,CUST0175,West,Groceries,Shoes,2,3613
1136,2023-02-19 04:32:25.945945946,CUST0131,South,Furniture,Mobile,1,2548
1137,2023-02-19 13:17:07.027027027,CUST0001,West,Electronics,Shoes,2,3571
1138,2023-02-19 22:01:48.108108108,CUST0005,West,Groceries,Mobile,2,2874
1139,2023-02-20 06:46:29.189189189,CUST0142,North,Furniture,Watch,4,1090
1140,2023-02-20 15:31:10.270270270,CUST0103,West,Fashion,Shirt,4,3046
1141,2023-02-21 00:15:51.351351351,CUST0027,East,Groceries,Table,2,1912
1142,2023-02-21 09:00:32.432432432,CUST0137,North,Electronics,Shoes,2,903
1143,2023-02-21 17:45:13.513513513,CUST0015,North,Electronics,Sofa,2,589
1144,2023-02-22 02:29:54.594594594,CUST0090,South,Groceries,Headphones,5,3656
1145,2023-02-22 11:14:35.675675676,CUST0042,West,Groceries,Rice,4,1593
1146,2023-02-22 19:59:16.756756757,CUST0124,South,Electronics,Headphones,2,3745
1147,2023-02-23 04:43:57.837837838,CUST0179,East,Fashion,Laptop,3,2991
1148,2023-02-23 13:28:38.918918919,CUST0063,North,Furniture,Table,3,1805
1149,2023-02-23 22:13:20.000000000,CUST0096,North,Fashion,Laptop,5,3616
1150,2023-02-24 06:58:01.081081081,CUST0052,North,Groceries,Watch,5,3440
1151,2023-02-24 15:42:42.162162162,CUST0096,East,Fashion,Table,1,153
1152,2023-02-25 00:27:23.243243243,CUST0132,East,Electronics,Table,1,2675
1153,2023-02-25 09:12:04.324324324,CUST0151,South,Groceries,Laptop,1,3691
1154,2023-02-25 17:56:45.405405406,CUST0143,South,Furniture,Mobile,5,715
1155,2023-02-26 02:41:26.486486487,CUST0171,South,Electronics,Laptop,5,1054
1156,2023-02-26 11:26:07.567567568,CUST0029,West,Electronics,Headphones,5,2533
1157,2023-02-26 20:10:48.648648649,CUST0036,North,Furniture,Mobile,3,1729
1158,2023-02-27 04:55:29.729729730,CUST0013,North,Furniture,Headphones,5,2881
1159,2023-02-27 13:40:10.810810811,CUST0160,South,Fashion,Watch,3,749
1160,2023-02-27 22:24:51.891891892,CUST0071,North,Groceries,Rice,1,2447
1161,2023-02-28 07:09:32.972972973,CUST0187,South,Furniture,TV,1,4590
1162,2023-02-28 15:54:14.054054054,CUST0086,West,Furniture,Mobile,1,3378
1163,2023-03-01 00:38:55.135135135,CUST0028,West,Groceries,Watch,2,2740
1164,2023-03-01 09:23:36.216216216,CUST0066,East,Furniture,Sofa,2,3901
1165,2023-03-01 18:08:17.297297297,CUST0170,West,Furniture,Watch,4,2661
1166,2023-03-02 02:52:58.378378379,CUST0045,South,Fashion,Laptop,4,3349
1167,2023-03-02 11:37:39.459459460,CUST0062,West,Electronics,Laptop,4,470
1168,2023-03-02 20:22:20.540540541,CUST0185,East,Electronics,TV,2,957
1169,2023-03-03 05:07:01.621621622,CUST0134,North,Electronics,Watch,2,4986
1170,2023-03-03 13:51:42.702702703,CUST0028,South,Electronics,Shirt,4,4853
1171,2023-03-03 22:36:23.783783784,CUST0028,North,Furniture,Rice,4,483
1172,2023-03-04 07:21:04.864864865,CUST0108,East,Groceries,Laptop,5,3977
1173,2023-03-04 16:05:45.945945946,CUST0044,East,Groceries,TV,4,2652
1174,2023-03-05 00:50:27.027027027,CUST0084,East,Fashion,Rice,5,4434
1175,2023-03-05 09:35:08.108108108,CUST0030,North,Fashion,Watch,3,4390
1176,2023-03-05 18:19:49.189189189,CUST0190,North,Furniture,Watch,2,2825
1177,2023-03-06 03:04:30.270270270,CUST0075,North,Groceries,Table,4,4134
1178,2023-03-06 11:49:11.351351352,CUST0128,North,Groceries,TV,2,3393
1179,2023-03-06 20:33:52.432432433,CUST0092,East,Electronics,Laptop,2,4351
1180,2023-03-07 05:18:33.513513514,CUST0190,East,Furniture,Shirt,2,4088
1181,2023-03-07 14:03:14.594594595,CUST0129,South,Furniture,Watch,3,1022
1182,2023-03-07 22:47:55.675675676,CUST0121,South,Electronics,Shirt,1,3015
1183,2023-03-08 07:32:36.756756757,CUST0027,North,Furniture,Watch,4,3050
1184,2023-03-08 16:17:17.837837838,CUST0190,West,Furniture,Laptop,1,3146
1185,2023-03-09 01:01:58.918918919,CUST0121,West,Fashion,Rice,1,1074
1186,2023-03-09 09:46:40.000000000,CUST0116,East,Groceries,Shoes,1,1330
1187,2023-03-09 18:31:21.081081081,CUST0003,East,Furniture,Rice,2,2535
1188,2023-03-10 03:16:02.162162162,CUST0103,East,Fashion,Watch,5,1914
1189,2023-03-10 12:00:43.243243243,CUST0198,South,Groceries,Headphones,2,3034
1190,2023-03-10 20:45:24.324324325,CUST0155,South,Electronics,Shoes,2,1463
1191,2023-03-11 05:30:05.405405406,CUST0137,East,Fashion,Shoes,1,4040
1192,2023-03-11 14:14:46.486486487,CUST0062,East,Fashion,Shirt,2,303
1193,2023-03-11 22:59:27.567567568,CUST0165,East,Groceries,TV,1,260
1194,2023-03-12 07:44:08.648648649,CUST0051,West,Electronics,Shirt,5,4587
1195,2023-03-12 16:28:49.729729730,CUST0172,South,Fashion,Shirt,4,868
1196,2023-03-13 01:13:30.810810811,CUST0152,West,Furniture,Headphones,1,3848
1197,2023-03-13 09:58:11.891891892,CUST0059,West,Furniture,Rice,5,2681
1198,2023-03-13 18:42:52.972972973,CUST0118,East,Furniture,Rice,4,1193
1199,2023-03-14 03:27:34.054054054,CUST0160,East,Electronics,Sofa,3,4600
1200,2023-03-14 12:12:15.135135135,CUST0096,North,Fashion,Watch,1,707
1201,2023-03-14 20:56:56.216216216,CUST0180,North,Furniture,Headphones,1,1640
1202,2023-03-15 05:41:37.297297297,CUST0113,West,Electronics,Sofa,3,2975
1203,2023-03-15 14:26:18.378378379,CUST0062,South,Furniture,Laptop,3,3291
1204,2023-03-15 23:10:59.459459460,CUST0186,East,Groceries,Watch,1,1937
1205,2023-03-16 07:55:40.540540541,CUST0052,East,Fashion,Watch,3,789
1206,2023-03-16 16:40:21.621621622,CUST0012,West,Fashion,Table,2,3859
1207,2023-03-17 01:25:02.702702703,CUST0039,North,Electronics,Table,4,3049
1208,2023-03-17 10:09:43.783783784,CUST0130,South,Electronics,Mobile,4,2203
1209,2023-03-17 18:54:24.864864865,CUST0131,North,Fashion,Mobile,4,465
1210,2023-03-18 03:39:05.945945946,CUST0113,North,Furniture,Shirt,2,3675
1211,2023-03-18 12:23:47.027027027,CUST0101,North,Furniture,Laptop,3,4650
1212,2023-03-18 21:08:28.108108108,CUST0113,North,Groceries,Shoes,5,4299
1213,2023-03-19 05:53:09.189189189,CUST0184,East,Furniture,Shoes,3,4272
1214,2023-03-19 14:37:50.270270270,CUST0081,East,Electronics,Table,1,4425
1215,2023-03-19 23:22:31.351351352,CUST0187,North,Electronics,Table,4,2478
1216,2023-03-20 08:07:12.432432433,CUST0113,South,Furniture,Table,3,1305
1217,2023-03-20 16:51:53.513513514,CUST0002,West,Electronics,Headphones,5,3939
1218,2023-03-21 01:36:34.594594595,CUST0130,South,Fashion,TV,1,2835
1219,2023-03-21 10:21:15.675675676,CUST0054,South,Fashion,Mobile,2,3447
1220,2023-03-21 19:05:56.756756757,CUST0087,South,Furniture,Headphones,2,1775
1221,2023-03-22 03:50:37.837837838,CUST0129,North,Fashion,Rice,5,398
1222,2023-03-22 12:35:18.918918919,CUST0147,East,Fashion,Shoes,1,1056
1223,2023-03-22 21:20:00.000000000,CUST0126,South,Groceries,Watch,4,1214
1224,2023-03-23 06:04:41.081081081,CUST0130,North,Groceries,Mobile,3,2605
1225,2023-03-23 14:49:22.162162162,CUST0053,South,Fashion,Sofa,1,1574
1226,2023-03-23 23:34:03.243243243,CUST0172,South,Furniture,Rice,2,4560
1227,2023-03-24 08:18:44.324324325,CUST0160,North,Groceries,Mobile,5,4546
1228,2023-03-24 17:03:25.405405406,CUST0198,East,Electronics,Headphones,5,3826
1229,2023-03-25 01:48:06.486486487,CUST0160,East,Electronics,Laptop,3,3571
1230,2023-03-25 10:32:47.567567568,CUST0068,West,Electronics,Watch,5,2928
1231,2023-03-25 19:17:28.648648649,CUST0183,North,Furniture,Mobile,5,2950
1232,2023-03-26 04:02:09.729729730,CUST0184,West,Fashion,TV,1,2606
1233,2023-03-26 12:46:50.810810811,CUST0123,West,Electronics,Table,4,3870
1234,2023-03-26 21:31:31.891891892,CUST0145,West,Furniture,Table,3,3064
1235,2023-03-27 06:16:12.972972973,CUST0038,East,Groceries,Watch,1,4694
1236,2023-03-27 15:00:54.054054054,CUST0024,North,Fashion,Headphones,4,1049
1237,2023-03-27 23:45:35.135135135,CUST0069,West,Groceries,Table,1,4703
1238,2023-03-28 08:30:16.216216216,CUST0116,North,Furniture,Mobile,1,2950
1239,2023-03-28 17:14:57.297297298,CUST0098,North,Electronics,Sofa,5,265
1240,2023-03-29 01:59:38.378378379,CUST0198,East,Electronics,Shoes,4,3586
1241,2023-03-29 10:44:19.459459460,CUST0139,West,Furniture,Shoes,3,2609
1242,2023-03-29 19:29:00.540540541,CUST0144,West,Electronics,Rice,3,1019
1243,2023-03-30 04:13:41.621621622,CUST0097,North,Fashion,Shirt,4,213
1244,2023-03-30 12:58:22.702702703,CUST0124,South,Furniture,Laptop,5,3604
1245,2023-03-30 21:43:03.783783784,CUST0187,East,Groceries,Watch,2,1091
1246,2023-03-31 06:27:44.864864865,CUST0070,East,Furniture,Rice,1,3939
1247,2023-03-31 15:12:25.945945946,CUST0093,East,Fashion,Shirt,5,1358
1248,2023-03-31 23:57:07.027027027,CUST0003,East,Fashion,Headphones,4,3526
1249,2023-04-01 08:41:48.108108108,CUST0148,West,Furniture,TV,1,614
1250,2023-04-01 17:26:29.189189189,CUST0187,West,Furniture,TV,3,4904
1251,2023-04-02 02:11:10.270270271,CUST0164,South,Electronics,Laptop,2,3296
1252,2023-04-02 10:55:51.351351352,CUST0147,East,Fashion,Table,3,4534
1253,2023-04-02 19:40:32.432432433,CUST0090,East,Furniture,Mobile,4,2684
1254,2023-04-03 04:25:13.513513514,CUST0195,North,Furniture,Rice,1,167
1255,2023-04-03 13:09:54.594594595,CUST0147,West,Fashion,Rice,4,1696
1256,2023-04-03 21:54:35.675675676,CUST0148,East,Furniture,Watch,1,4578
1257,2023-04-04 06:39:16.756756757,CUST0096,South,Electronics,Watch,5,118
1258,2023-04-04 15:23:57.837837838,CUST0199,South,Fashion,TV,2,2830
1259,2023-04-05 00:08:38.918918919,CUST0052,West,Electronics,TV,5,3621
1260,2023-04-05 08:53:20.000000000,CUST0161,South,Electronics,Sofa,5,672
1261,2023-04-05 17:38:01.081081081,CUST0168,South,Electronics,Sofa,4,2358
1262,2023-04-06 02:22:42.162162162,CUST0128,West,Electronics,Table,2,3002
1263,2023-04-06 11:07:23.243243243,CUST0039,East,Fashion,Sofa,1,750
1264,2023-04-06 19:52:04.324324325,CUST0082,East,Electronics,Mobile,1,2687
1265,2023-04-07 04:36:45.405405406,CUST0104,South,Electronics,Mobile,3,3362
1266,2023-04-07 13:21:26.486486487,CUST0129,South,Furniture,Rice,1,1438
1267,2023-04-07 22:06:07.567567568,CUST0011,East,Fashion,Shoes,4,3734
1268,2023-04-08 06:50:48.648648649,CUST0185,West,Fashion,Mobile,5,2927
1269,2023-04-08 15:35:29.729729730,CUST0178,South,Groceries,Shirt,5,2317
1270,2023-04-09 00:20:10.810810811,CUST0151,North,Fashion,TV,5,3639
1271,2023-04-09 09:04:51.891891892,CUST0159,West,Fashion,Watch,2,1137
1272,2023-04-09 17:49:32.972972973,CUST0042,South,Groceries,Sofa,1,4483
1273,2023-04-10 02:34:14.054054054,CUST0099,South,Fashion,Rice,4,4078
1274,2023-04-10 11:18:55.135135135,CUST0007,North,Fashion,Laptop,2,3061
1275,2023-04-10 20:03:36.216216216,CUST0144,North,Fashion,Watch,3,3326
1276,2023-04-11 04:48:17.297297298,CUST0090,East,Fashion,Shirt,4,1198
1277,2023-04-11 13:32:58.378378379,CUST0112,West,Groceries,Sofa,4,2424
1278,2023-04-11 22:17:39.459459460,CUST0060,West,Fashion,Shirt,4,1039
1279,2023-04-12 07:02:20.540540541,CUST0113,East,Fashion,TV,5,3816
1280,2023-04-12 15:47:01.621621622,CUST0002,West,Groceries,TV,4,3514
1281,2023-04-13 00:31:42.702702703,CUST0129,West,Furniture,Table,1,1548
1282,2023-04-13 09:16:23.783783784,CUST0048,West,Electronics,Rice,4,670
1283,2023-04-13 18:01:04.864864865,CUST0140,West,Furniture,Watch,5,3004
1284,2023-04-14 02:45:45.945945946,CUST0197,West,Groceries,Headphones,4,2605
1285,2023-04-14 11:30:27.027027027,CUST0037,North,Electronics,Headphones,3,1017
1286,2023-04-14 20:15:08.108108108,CUST0160,West,Groceries,Watch,3,1974
1287,2023-04-15 04:59:49.189189189,CUST0009,North,Groceries,Laptop,5,1778
1288,2023-04-15 13:44:30.270270270,CUST0099,West,Fashion,Rice,1,715
1289,2023-04-15 22:29:11.351351352,CUST0147,East,Electronics,Shirt,1,4601
1290,2023-04-16 07:13:52.432432432,CUST0048,South,Fashion,Laptop,2,1849
1291,2023-04-16 15:58:33.513513514,CUST0131,North,Electronics,Shoes,5,3925
1292,2023-04-17 00:43:14.594594594,CUST0148,West,Groceries,Watch,4,4288
1293,2023-04-17 09:27:55.675675676,CUST0152,East,Groceries,Shirt,5,2577
1294,2023-04-17 18:12:36.756756758,CUST0054,South,Furniture,Headphones,2,4849
1295,2023-04-18 02:57:17.837837838,CUST0120,North,Electronics,Mobile,5,3605
1296,2023-04-18 11:41:58.918918920,CUST0161,South,Fashion,Table,5,3575
1297,2023-04-18 20:26:40.000000000,CUST0152,East,Furniture,Headphones,2,4629
1298,2023-04-19 05:11:21.081081082,CUST0116,North,Furniture,Rice,1,1235
1299,2023-04-19 13:56:02.162162162,CUST0075,South,Furniture,TV,4,4100
1300,2023-04-19 22:40:43.243243244,CUST0113,West,Fashion,Mobile,2,474
1301,2023-04-20 07:25:24.324324324,CUST0164,North,Furniture,Table,3,306
1302,2023-04-20 16:10:05.405405406,CUST0166,South,Fashion,Table,1,4975
1303,2023-04-21 00:54:46.486486486,CUST0104,East,Furniture,Shoes,3,1419
1304,2023-04-21 09:39:27.567567568,CUST0084,East,Fashion,Shoes,1,1241
1305,2023-04-21 18:24:08.648648648,CUST0112,North,Groceries,Sofa,4,4727
1306,2023-04-22 03:08:49.729729730,CUST0099,South,Groceries,Headphones,4,2790
1307,2023-04-22 11:53:30.810810812,CUST0153,North,Groceries,Headphones,5,3355
1308,2023-04-22 20:38:11.891891892,CUST0093,North,Groceries,Headphones,3,189
1309,2023-04-23 05:22:52.972972974,CUST0146,South,Groceries,Sofa,1,4208
1310,2023-04-23 14:07:34.054054054,CUST0128,South,Furniture,Laptop,4,3120
1311,2023-04-23 22:52:15.135135136,CUST0110,West,Furniture,Table,2,1957
1312,2023-04-24 07:36:56.216216216,CUST0082,South,Furniture,Mobile,4,904
1313,2023-04-24 16:21:37.297297298,CUST0194,East,Fashion,Rice,2,1044
1314,2023-04-25 01:06:18.378378378,CUST0054,North,Fashion,Table,1,2889
1315,2023-04-25 09:50:59.459459460,CUST0163,North,Fashion,Shoes,4,3975
1316,2023-04-25 18:35:40.540540540,CUST0189,East,Fashion,Shirt,4,1710
1317,2023-04-26 03:20:21.621621622,CUST0169,South,Groceries,TV,1,3023
1318,2023-04-26 12:05:02.702702704,CUST0161,East,Groceries,Sofa,4,3982
1319,2023-04-26 20:49:43.783783784,CUST0068,East,Groceries,Watch,2,3321
1320,2023-04-27 05:34:24.864864866,CUST0033,West,Electronics,Shirt,4,4491
1321,2023-04-27 14:19:05.945945946,CUST0142,East,Furniture,Rice,3,4835
1322,2023-04-27 23:03:47.027027028,CUST0021,North,Fashion,Headphones,5,2487
1323,2023-04-28 07:48:28.108108108,CUST0048,East,Fashion,Shoes,2,4823
1324,2023-04-28 16:33:09.189189190,CUST0148,North,Groceries,Shoes,3,1041
1325,2023-04-29 01:17:50.270270270,CUST0128,North,Fashion,Shoes,1,2666
1326,2023-04-29 10:02:31.351351352,CUST0136,North,Fashion,Headphones,2,1075
1327,2023-04-29 18:47:12.432432432,CUST0135,South,Furniture,Watch,5,1054
1328,2023-04-30 03:31:53.513513514,CUST0195,West,Groceries,Sofa,5,1362
1329,2023-04-30 12:16:34.594594594,CUST0145,North,Furniture,Shirt,1,1043
1330,2023-04-30 21:01:15.675675676,CUST0128,North,Electronics,Headphones,1,2302
1331,2023-05-01 05:45:56.756756758,CUST0033,South,Electronics,Rice,2,3427
1332,2023-05-01 14:30:37.837837838,CUST0176,North,Electronics,Sofa,4,4374
1333,2023-05-01 23:15:18.918918920,CUST0187,East,Groceries,Rice,1,2359
1334,2023-05-02 08:00:00.000000000,CUST0115,East,Fashion,Sofa,4,1928
1335,2023-05-02 16:44:41.081081082,CUST0119,West,Groceries,Watch,3,1357
1336,2023-05-03 01:29:22.162162162,CUST0022,North,Groceries,TV,5,564
1337,2023-05-03 10:14:03.243243244,CUST0158,South,Fashion,Rice,4,3394
1338,2023-05-03 18:58:44.324324324,CUST0038,East,Furniture,Headphones,5,1330
1339,2023-05-04 03:43:25.405405406,CUST0109,South,Electronics,Sofa,4,2754
1340,2023-05-04 12:28:06.486486486,CUST0051,South,Furniture,Shoes,3,984
1341,2023-05-04 21:12:47.567567568,CUST0182,East,Electronics,Table,1,3905
1342,2023-05-05 05:57:28.648648648,CUST0008,South,Groceries,Shoes,3,3956
1343,2023-05-05 14:42:09.729729730,CUST0027,East,Electronics,Laptop,1,3235
1344,2023-05-05 23:26:50.810810812,CUST0027,South,Groceries,TV,1,1024
1345,2023-05-06 08:11:31.891891892,CUST0021,East,Furniture,TV,5,4689
1346,2023-05-06 16:56:12.972972974,CUST0030,North,Groceries,Shoes,3,1646
1347,2023-05-07 01:40:54.054054054,CUST0097,West,Furniture,Shirt,4,1194
1348,2023-05-07 10:25:35.135135136,CUST0028,East,Fashion,Watch,3,2511
1349,2023-05-07 19:10:16.216216216,CUST0111,East,Fashion,Rice,5,2717
1350,2023-05-08 03:54:57.297297298,CUST0192,West,Fashion,Headphones,1,862
1351,2023-05-08 12:39:38.378378378,CUST0197,East,Groceries,TV,5,2423
1352,2023-05-08 21:24:19.459459460,CUST0061,East,Fashion,Shoes,2,4245
1353,2023-05-09 06:09:00.540540540,CUST0048,South,Electronics,Shoes,2,2875
1354,2023-05-09 14:53:41.621621622,CUST0147,West,Furniture,Watch,4,4759
1355,2023-05-09 23:38:22.702702704,CUST0004,North,Furniture,Watch,5,4978
1356,2023-05-10 08:23:03.783783784,CUST0035,East,Electronics,Mobile,4,3255
1357,2023-05-10 17:07:44.864864866,CUST0192,West,Groceries,Mobile,4,4070
1358,2023-05-11 01:52:25.945945946,CUST0049,South,Groceries,Shirt,2,2140
1359,2023-05-11 10:37:07.027027028,CUST0017,North,Furniture,Shirt,4,683
1360,2023-05-11 19:21:48.108108108,CUST0172,West,Fashion,Laptop,2,4431
1361,2023-05-12 04:06:29.189189190,CUST0158,North,Groceries,Shirt,1,2203
1362,2023-05-12 12:51:10.270270270,CUST0046,North,Groceries,Sofa,5,2042
1363,2023-05-12 21:35:51.351351352,CUST0117,North,Electronics,Watch,4,4555
1364,2023-05-13 06:20:32.432432432,CUST0006,East,Electronics,Headphones,2,209
1365,2023-05-13 15:05:13.513513514,CUST0099,East,Fashion,Sofa,3,291
1366,2023-05-13 23:49:54.594594594,CUST0124,South,Groceries,Rice,4,1003
1367,2023-05-14 08:34:35.675675676,CUST0037,South,Groceries,Shoes,1,961
1368,2023-05-14 17:19:16.756756758,CUST0024,West,Electronics,Shirt,1,1183
1369,2023-05-15 02:03:57.837837838,CUST0093,South,Groceries,Shoes,3,749
1370,2023-05-15 10:48:38.918918920,CUST0046,North,Furniture,TV,2,4234
1371,2023-05-15 19:33:20.000000000,CUST0181,North,Electronics,Laptop,4,3711
1372,2023-05-16 04:18:01.081081082,CUST0095,East,Fashion,TV,2,736
1373,2023-05-16 13:02:42.162162162,CUST0099,North,Electronics,Laptop,1,1136
1374,2023-05-16 21:47:23.243243244,CUST0188,West,Groceries,Mobile,2,4231
1375,2023-05-17 06:32:04.324324324,CUST0116,North,Fashion,Shoes,1,2248
1376,2023-05-17 15:16:45.405405406,CUST0191,North,Electronics,Laptop,2,3965
1377,2023-05-18 00:01:26.486486486,CUST0160,West,Furniture,Table,3,3257
1378,2023-05-18 08:46:07.567567568,CUST0161,South,Furniture,Sofa,5,3687
1379,2023-05-18 17:30:48.648648650,CUST0067,South,Electronics,Laptop,3,3394
1380,2023-05-19 02:15:29.729729730,CUST0128,West,Furniture,Laptop,3,4361
1381,2023-05-19 11:00:10.810810812,CUST0018,East,Furniture,Sofa,5,2530
1382,2023-05-19 19:44:51.891891892,CUST0025,North,Furniture,Shoes,5,1979
1383,2023-05-20 04:29:32.972972974,CUST0054,West,Fashion,Shoes,4,4066
1384,2023-05-20 13:14:14.054054054,CUST0058,North,Furniture,Sofa,4,3813
1385,2023-05-20 21:58:55.135135136,CUST0067,East,Furniture,TV,3,4226
1386,2023-05-21 06:43:36.216216216,CUST0104,North,Furniture,Table,3,4206
1387,2023-05-21 15:28:17.297297298,CUST0174,West,Fashion,Headphones,1,2111
1388,2023-05-22 00:12:58.378378378,CUST0024,North,Electronics,Rice,1,3473
1389,2023-05-22 08:57:39.459459460,CUST0114,South,Groceries,Table,4,2243
1390,2023-05-22 17:42:20.540540540,CUST0032,East,Furniture,Shoes,4,2600
1391,2023-05-23 02:27:01.621621622,CUST0175,East,Electronics,Headphones,1,4681
1392,2023-05-23 11:11:42.702702704,CUST0086,East,Furniture,Mobile,1,1389
1393,2023-05-23 19:56:23.783783784,CUST0151,West,Fashion,Shirt,2,1547
1394,2023-05-24 04:41:04.864864866,CUST0194,East,Electronics,Laptop,2,3299
1395,2023-05-24 13:25:45.945945946,CUST0127,South,Fashion,Sofa,1,2043
1396,2023-05-24 22:10:27.027027028,CUST0155,West,Furniture,Sofa,2,3283
1397,2023-05-25 06:55:08.108108108,CUST0130,South,Furniture,Laptop,5,3316
1398,2023-05-25 15:39:49.189189190,CUST0017,North,Fashion,Shirt,4,3236
1399,2023-05-26 00:24:30.270270270,CUST0104,North,Groceries,Rice,4,3418
1400,2023-05-26 09:09:11.351351352,CUST0161,North,Fashion,Shirt,1,2882
1401,2023-05-26 17:53:52.432432432,CUST0137,North,Furniture,Headphones,3,1090
1402,2023-05-27 02:38:33.513513514,CUST0043,South,Fashion,Shirt,1,2253
1403,2023-05-27 11:23:14.594594594,CUST0176,West,Groceries,Headphones,2,325
1404,2023-05-27 20:07:55.675675676,CUST0039,West,Fashion,Shirt,3,876
1405,2023-05-28 04:52:36.756756758,CUST0170,East,Groceries,Rice,2,2937
1406,2023-05-28 13:37:17.837837838,CUST0026,South,Groceries,Rice,5,787
1407,2023-05-28 22:21:58.918918920,CUST0099,North,Fashion,Shoes,2,629
1408,2023-05-29 07:06:40.000000000,CUST0050,South,Fashion,Laptop,5,3542
1409,2023-05-29 15:51:21.081081082,CUST0153,East,Electronics,Rice,5,2253
1410,2023-05-30 00:36:02.162162162,CUST0152,East,Furniture,Headphones,2,1394
1411,2023-05-30 09:20:43.243243244,CUST0013,South,Groceries,Rice,2,1626
1412,2023-05-30 18:05:24.324324324,CUST0060,South,Electronics,Shoes,5,4874
1413,2023-05-31 02:50:05.405405406,CUST0135,South,Fashion,Sofa,3,2996
1414,2023-05-31 11:34:46.486486486,CUST0057,West,Furniture,Headphones,5,3203
1415,2023-05-31 20:19:27.567567568,CUST0036,North,Electronics,Shoes,4,2540
1416,2023-06-01 05:04:08.648648650,CUST0173,South,Groceries,TV,5,4235
1417,2023-06-01 13:48:49.729729730,CUST0020,South,Electronics,TV,3,3902
1418,2023-06-01 22:33:30.810810812,CUST0065,South,Groceries,Mobile,4,944
1419,2023-06-02 07:18:11.891891892,CUST0008,East,Fashion,Shirt,1,546
1420,2023-06-02 16:02:52.972972974,CUST0144,East,Furniture,Laptop,1,4015
1421,2023-06-03 00:47:34.054054054,CUST0142,West,Furniture,Watch,3,3209
1422,2023-06-03 09:32:15.135135136,CUST0115,North,Furniture,Table,5,1334
1423,2023-06-03 18:16:56.216216216,CUST0143,West,Fashion,Shoes,2,326
1424,2023-06-04 03:01:37.297297298,CUST0092,North,Groceries,Sofa,3,4243
1425,2023-06-04 11:46:18.378378378,CUST0098,East,Fashion,Table,4,3059
1426,2023-06-04 20:30:59.459459460,CUST0066,East,Furniture,Sofa,4,1930
1427,2023-06-05 05:15:40.540540540,CUST0032,East,Fashion,Table,1,3879
1428,2023-06-05 14:00:21.621621622,CUST0191,West,Fashion,Shoes,4,286
1429,2023-06-05 22:45:02.702702704,CUST0086,South,Fashion,Watch,3,2977
1430,2023-06-06 07:29:43.783783784,CUST0051,South,Groceries,Table,4,2635
1431,2023-06-06 16:14:24.864864866,CUST0153,East,Electronics,Shoes,3,2032
1432,2023-06-07 00:59:05.945945946,CUST0186,South,Electronics,Rice,2,3024
1433,2023-06-07 09:43:47.027027028,CUST0063,South,Fashion,Watch,1,948
1434,2023-06-07 18:28:28.108108108,CUST0190,West,Electronics,Headphones,4,2132
1435,2023-06-08 03:13:09.189189190,CUST0125,North,Electronics,Sofa,3,1352
1436,2023-06-08 11:57:50.270270270,CUST0150,East,Fashion,TV,5,1981
1437,2023-06-08 20:42:31.351351352,CUST0058,East,Fashion,Shirt,1,369
1438,2023-06-09 05:27:12.432432432,CUST0058,West,Furniture,TV,2,1730
1439,2023-06-09 14:11:53.513513514,CUST0086,West,Electronics,Watch,3,4505
1440,2023-06-09 22:56:34.594594596,CUST0049,South,Groceries,Headphones,2,3303
1441,2023-06-10 07:41:15.675675676,CUST0180,East,Fashion,Sofa,2,1674
1442,2023-06-10 16:25:56.756756758,CUST0170,North,Furniture,Headphones,4,2992
1443,2023-06-11 01:10:37.837837838,CUST0070,West,Groceries,Table,4,1795
1444,2023-06-11 09:55:18.918918920,CUST0015,North,Electronics,Sofa,3,3358
1445,2023-06-11 18:40:00.000000000,CUST0054,North,Furniture,Table,5,3362
1446,2023-06-12 03:24:41.081081082,CUST0188,East,Fashion,Shoes,3,1545
1447,2023-06-12 12:09:22.162162162,CUST0101,East,Groceries,Watch,5,319
1448,2023-06-12 20:54:03.243243244,CUST0008,West,Fashion,Shoes,2,152
1449,2023-06-13 05:38:44.324324324,CUST0053,East,Electronics,Mobile,1,1857
1450,2023-06-13 14:23:25.405405406,CUST0060,East,Groceries,Headphones,3,1766
1451,2023-06-13 23:08:06.486486486,CUST0108,East,Electronics,Table,3,2885
1452,2023-06-14 07:52:47.567567568,CUST0005,North,Electronics,Rice,5,819
1453,2023-06-14 16:37:28.648648650,CUST0103,West,Furniture,Shoes,2,505
1454,2023-06-15 01:22:09.729729730,CUST0196,South,Fashion,Mobile,2,2394
1455,2023-06-15 10:06:50.810810812,CUST0006,North,Groceries,Laptop,5,171
1456,2023-06-15 18:51:31.891891892,CUST0109,East,Electronics,TV,2,2153
1457,2023-06-16 03:36:12.972972974,CUST0116,North,Electronics,Sofa,4,1329
1458,2023-06-16 12:20:54.054054054,CUST0094,East,Groceries,Mobile,1,1667
1459,2023-06-16 21:05:35.135135136,CUST0047,East,Electronics,Watch,3,3782
1460,2023-06-17 05:50:16.216216216,CUST0099,North,Furniture,Shoes,1,3053
1461,2023-06-17 14:34:57.297297298,CUST0055,West,Furniture,Watch,3,4582
1462,2023-06-17 23:19:38.378378378,CUST0168,East,Furniture,TV,4,798
1463,2023-06-18 08:04:19.459459460,CUST0052,West,Furniture,Rice,2,926
1464,2023-06-18 16:49:00.540540540,CUST0144,South,Electronics,Headphones,5,448
1465,2023-06-19 01:33:41.621621622,CUST0013,East,Groceries,Headphones,4,4008
1466,2023-06-19 10:18:22.702702704,CUST0114,West,Groceries,Watch,1,407
1467,2023-06-19 19:03:03.783783784,CUST0124,West,Groceries,Table,5,3516
1468,2023-06-20 03:47:44.864864866,CUST0106,South,Groceries,Rice,2,2434
1469,2023-06-20 12:32:25.945945946,CUST0158,West,Fashion,Headphones,4,4961
1470,2023-06-20 21:17:07.027027028,CUST0147,West,Groceries,Rice,5,4920
1471,2023-06-21 06:01:48.108108108,CUST0145,South,Fashion,Mobile,4,2909
1472,2023-06-21 14:46:29.189189190,CUST0120,East,Fashion,Rice,4,3658
1473,2023-06-21 23:31:10.270270270,CUST0063,West,Furniture,Shirt,2,4578
1474,2023-06-22 08:15:51.351351352,CUST0019,West,Fashion,TV,3,3577
1475,2023-06-22 17:00:32.432432432,CUST0092,West,Electronics,Headphones,5,4720
1476,2023-06-23 01:45:13.513513514,CUST0058,North,Fashion,Rice,2,2786
1477,2023-06-23 10:29:54.594594596,CUST0183,South,Furniture,Watch,4,3085
1478,2023-06-23 19:14:35.675675676,CUST0090,North,Fashion,Laptop,2,375
1479,2023-06-24 03:59:16.756756758,CUST0117,South,Electronics,Shirt,3,2647
1480,2023-06-24 12:43:57.837837838,CUST0062,East,Electronics,Shirt,5,2864
1481,2023-06-24 21:28:38.918918920,CUST0023,East,Electronics,Table,3,436
1482,2023-06-25 06:13:20.000000000,CUST0127,West,Furniture,Rice,1,2073
1483,2023-06-25 14:58:01.081081082,CUST0137,South,Furniture,Table,5,3079
1484,2023-06-25 23:42:42.162162162,CUST0140,East,Groceries,Table,3,4676
1485,2023-06-26 08:27:23.243243244,CUST0129,South,Furniture,Laptop,4,4068
1486,2023-06-26 17:12:04.324324324,CUST0058,East,Electronics,Mobile,5,1010
1487,2023-06-27 01:56:45.405405406,CUST0122,North,Electronics,Rice,5,2096
1488,2023-06-27 10:41:26.486486486,CUST0001,East,Furniture,Shoes,2,3229
1489,2023-06-27 19:26:07.567567568,CUST0034,North,Fashion,Headphones,4,4304
1490,2023-06-28 04:10:48.648648650,CUST0096,East,Furniture,Table,1,3857
1491,2023-06-28 12:55:29.729729730,CUST0126,West,Furniture,TV,3,427
1492,2023-06-28 21:40:10.810810812,CUST0118,North,Electronics,Sofa,2,1899
1493,2023-06-29 06:24:51.891891892,CUST0048,East,Groceries,TV,3,414
1494,2023-06-29 15:09:32.972972974,CUST0089,West,Electronics,Laptop,1,3645
1495,2023-06-29 23:54:14.054054054,CUST0117,North,Groceries,Laptop,1,1234
1496,2023-06-30 08:38:55.135135136,CUST0129,West,Electronics,Watch,5,2846
1497,2023-06-30 17:23:36.216216216,CUST0016,South,Furniture,Mobile,1,4976
1498,2023-07-01 02:08:17.297297298,CUST0189,South,Electronics,Headphones,3,1620
1499,2023-07-01 10:52:58.378378378,CUST0192,North,Electronics,Table,4,255
1500,2023-07-01 19:37:39.459459460,CUST0191,East,Electronics,TV,4,1824
1501,2023-07-02 04:22:20.540540542,CUST0069,North,Furniture,Sofa,5,3443
1502,2023-07-02 13:07:01.621621622,CUST0022,West,Furniture,Laptop,3,986
1503,2023-07-02 21:51:42.702702704,CUST0093,East,Furniture,Laptop,3,3173
1504,2023-07-03 06:36:23.783783784,CUST0195,South,Furniture,Mobile,1,2905
1505,2023-07-03 15:21:04.864864866,CUST0076,East,Groceries,Sofa,3,821
1506,2023-07-04 00:05:45.945945946,CUST0154,South,Groceries,Sofa,2,1012
1507,2023-07-04 08:50:27.027027028,CUST0144,East,Fashion,Mobile,1,3457
1508,2023-07-04 17:35:08.108108108,CUST0179,East,Furniture,Laptop,2,970
1509,2023-07-05 02:19:49.189189190,CUST0086,East,Groceries,Headphones,5,4208
1510,2023-07-05 11:04:30.270270270,CUST0185,West,Electronics,Rice,4,597
1511,2023-07-05 19:49:11.351351352,CUST0029,West,Furniture,Rice,5,1856
1512,2023-07-06 04:33:52.432432432,CUST0069,North,Fashion,Mobile,4,1217
1513,2023-07-06 13:18:33.513513514,CUST0047,North,Fashion,Sofa,5,3509
1514,2023-07-06 22:03:14.594594596,CUST0094,South,Fashion,Table,3,2928
1515,2023-07-07 06:47:55.675675676,CUST0190,West,Electronics,Mobile,2,1747
1516,2023-07-07 15:32:36.756756758,CUST0197,South,Groceries,Headphones,4,3083
1517,2023-07-08 00:17:17.837837838,CUST0144,North,Electronics,Mobile,1,242
1518,2023-07-08 09:01:58.918918920,CUST0176,South,Furniture,Shirt,2,2861
1519,2023-07-08 17:46:40.000000000,CUST0085,North,Fashion,TV,1,3535
1520,2023-07-09 02:31:21.081081082,CUST0039,West,Electronics,Sofa,2,4760
1521,2023-07-09 11:16:02.162162162,CUST0100,East,Electronics,Watch,2,2531
1522,2023-07-09 20:00:43.243243244,CUST0033,West,Groceries,Watch,5,4612
1523,2023-07-10 04:45:24.324324324,CUST0101,South,Groceries,Sofa,4,1948
1524,2023-07-10 13:30:05.405405406,CUST0023,South,Fashion,Headphones,4,2796
1525,2023-07-10 22:14:46.486486486,CUST0010,West,Electronics,Shirt,2,1817
1526,2023-07-11 06:59:27.567567568,CUST0069,West,Electronics,Shirt,3,3172
1527,2023-07-11 15:44:08.648648650,CUST0100,North,Groceries,Laptop,3,1167
1528,2023-07-12 00:28:49.729729730,CUST0034,South,Electronics,TV,1,2886
1529,2023-07-12 09:13:30.810810812,CUST0180,South,Electronics,Rice,1,3891
1530,2023-07-12 17:58:11.891891892,CUST0138,West,Electronics,Shoes,5,1388
1531,2023-07-13 02:42:52.972972974,CUST0147,East,Groceries,Headphones,2,3971
1532,2023-07-13 11:27:34.054054054,CUST0186,South,Fashion,Shoes,1,1906
1533,2023-07-13 20:12:15.135135136,CUST0096,East,Furniture,Shoes,1,1604
1534,2023-07-14 04:56:56.216216216,CUST0001,West,Fashion,Sofa,2,3408
1535,2023-07-14 13:41:37.297297298,CUST0069,West,Furniture,Watch,5,3051
1536,2023-07-14 22:26:18.378378378,CUST0004,North,Electronics,Watch,1,171
1537,2023-07-15 07:10:59.459459460,CUST0016,South,Fashion,Rice,5,1790
1538,2023-07-15 15:55:40.540540542,CUST0024,East,Furniture,Sofa,4,1444
1539,2023-07-16 00:40:21.621621622,CUST0080,North,Groceries,Shoes,5,3403
1540,2023-07-16 09:25:02.702702704,CUST0002,South,Groceries,Table,3,3213
1541,2023-07-16 18:09:43.783783784,CUST0128,North,Fashion,Watch,3,982
1542,2023-07-17 02:54:24.864864866,CUST0160,West,Fashion,Headphones,5,4334
1543,2023-07-17 11:39:05.945945946,CUST0084,South,Electronics,Headphones,3,2762
1544,2023-07-17 20:23:47.027027028,CUST0152,North,Fashion,Laptop,4,1604
1545,2023-07-18 05:08:28.108108108,CUST0140,North,Electronics,Mobile,2,2563
1546,2023-07-18 13:53:09.189189190,CUST0178,East,Electronics,Table,3,2653
1547,2023-07-18 22:37:50.270270270,CUST0163,North,Groceries,Watch,3,832
1548,2023-07-19 07:22:31.351351352,CUST0124,South,Groceries,Shirt,5,1848
1549,2023-07-19 16:07:12.432432432,CUST0033,South,Furniture,Watch,4,4024
1550,2023-07-20 00:51:53.513513514,CUST0161,East,Groceries,Laptop,2,523
1551,2023-07-20 09:36:34.594594596,CUST0189,South,Groceries,Headphones,5,3578
1552,2023-07-20 18:21:15.675675676,CUST0179,West,Fashion,Shoes,5,1691
1553,2023-07-21 03:05:56.756756758,CUST0171,South,Groceries,Shirt,4,4585
1554,2023-07-21 11:50:37.837837838,CUST0101,South,Furniture,Sofa,2,4537
1555,2023-07-21 20:35:18.918918920,CUST0012,North,Fashion,TV,4,4809
1556,2023-07-22 05:20:00.000000000,CUST0067,North,Furniture,Shoes,2,592
1557,2023-07-22 14:04:41.081081082,CUST0065,South,Groceries,TV,4,291
1558,2023-07-22 22:49:22.162162162,CUST0161,East,Furniture,Table,5,598
1559,2023-07-23 07:34:03.243243244,CUST0168,North,Fashion,Mobile,5,1356
1560,2023-07-23 16:18:44.324324324,CUST0074,East,Electronics,Shirt,1,2068
1561,2023-07-24 01:03:25.405405406,CUST0043,South,Furniture,Rice,3,4422
1562,2023-07-24 09:48:06.486486488,CUST0044,South,Furniture,Shirt,4,2286
1563,2023-07-24 18:32:47.567567568,CUST0029,West,Fashion,Watch,1,916
1564,2023-07-25 03:17:28.648648650,CUST0141,North,Fashion,Headphones,3,3320
1565,2023-07-25 12:02:09.729729730,CUST0012,South,Furniture,Watch,4,1573
1566,2023-07-25 20:46:50.810810812,CUST0095,West,Groceries,Watch,2,1186
1567,2023-07-26 05:31:31.891891892,CUST0046,North,Furniture,Table,3,4299
1568,2023-07-26 14:16:12.972972974,CUST0130,South,Fashion,Shoes,5,1974
1569,2023-07-26 23:00:54.054054054,CUST0035,South,Electronics,Rice,1,970
1570,2023-07-27 07:45:35.135135136,CUST0081,North,Electronics,Rice,3,4863
1571,2023-07-27 16:30:16.216216216,CUST0090,North,Groceries,Watch,3,2142
1572,2023-07-28 01:14:57.297297298,CUST0008,North,Furniture,TV,5,372
1573,2023-07-28 09:59:38.378378378,CUST0093,South,Electronics,Table,4,1129
1574,2023-07-28 18:44:19.459459460,CUST0154,South,Furniture,Watch,2,3318
1575,2023-07-29 03:29:00.540540540,CUST0090,West,Fashion,Mobile,5,4169
1576,2023-07-29 12:13:41.621621624,CUST0162,East,Electronics,Headphones,2,1151
1577,2023-07-29 20:58:22.702702704,CUST0115,North,Groceries,Shoes,4,4133
1578,2023-07-30 05:43:03.783783784,CUST0105,South,Fashion,Sofa,3,1673
1579,2023-07-30 14:27:44.864864864,CUST0135,South,Groceries,Mobile,2,3290
1580,2023-07-30 23:12:25.945945948,CUST0196,North,Fashion,TV,1,4488
1581,2023-07-31 07:57:07.027027028,CUST0058,East,Electronics,Shirt,1,3897
1582,2023-07-31 16:41:48.108108108,CUST0114,North,Groceries,Shirt,5,3389
1583,2023-08-01 01:26:29.189189188,CUST0075,East,Groceries,Mobile,4,3847
1584,2023-08-01 10:11:10.270270272,CUST0157,South,Fashion,Watch,5,2205
1585,2023-08-01 18:55:51.351351352,CUST0120,East,Groceries,Sofa,5,407
1586,2023-08-02 03:40:32.432432432,CUST0164,West,Fashion,Laptop,5,3459
1587,2023-08-02 12:25:13.513513516,CUST0021,South,Fashion,Laptop,1,3276
1588,2023-08-02 21:09:54.594594596,CUST0164,West,Fashion,TV,1,1351
1589,2023-08-03 05:54:35.675675676,CUST0138,North,Fashion,Watch,5,2847
1590,2023-08-03 14:39:16.756756756,CUST0101,North,Electronics,Rice,1,1617
1591,2023-08-03 23:23:57.837837840,CUST0152,North,Fashion,Rice,4,1478
1592,2023-08-04 08:08:38.918918920,CUST0192,East,Furniture,Shoes,5,4991
1593,2023-08-04 16:53:20.000000000,CUST0177,South,Groceries,Sofa,1,2061
1594,2023-08-05 01:38:01.081081080,CUST0099,North,Furniture,Sofa,2,4405
1595,2023-08-05 10:22:42.162162164,CUST0036,North,Electronics,Shirt,5,2963
1596,2023-08-05 19:07:23.243243244,CUST0096,South,Furniture,Table,5,2756
1597,2023-08-06 03:52:04.324324324,CUST0152,North,Groceries,TV,4,2594
1598,2023-08-06 12:36:45.405405404,CUST0151,West,Furniture,Laptop,3,4667
1599,2023-08-06 21:21:26.486486488,CUST0190,South,Electronics,TV,3,4105
1600,2023-08-07 06:06:07.567567568,CUST0037,South,Fashion,Rice,4,3663
1601,2023-08-07 14:50:48.648648648,CUST0012,South,Furniture,Rice,4,1022
1602,2023-08-07 23:35:29.729729732,CUST0113,West,Electronics,Mobile,4,4332
1603,2023-08-08 08:20:10.810810812,CUST0183,South,Electronics,Shoes,3,4562
1604,2023-08-08 17:04:51.891891892,CUST0013,West,Groceries,Sofa,4,3059
1605,2023-08-09 01:49:32.972972972,CUST0023,South,Groceries,Headphones,1,283
1606,2023-08-09 10:34:14.054054056,CUST0099,East,Furniture,TV,5,3458
1607,2023-08-09 19:18:55.135135136,CUST0105,North,Fashion,Rice,5,1498
1608,2023-08-10 04:03:36.216216216,CUST0030,East,Electronics,Table,2,2896
1609,2023-08-10 12:48:17.297297296,CUST0017,North,Furniture,Shirt,2,636
1610,2023-08-10 21:32:58.378378380,CUST0113,West,Electronics,Laptop,5,1373
1611,2023-08-11 06:17:39.459459460,CUST0062,East,Electronics,Shoes,1,3067
1612,2023-08-11 15:02:20.540540540,CUST0084,South,Fashion,Table,3,3149
1613,2023-08-11 23:47:01.621621624,CUST0112,North,Fashion,Shoes,3,1196
1614,2023-08-12 08:31:42.702702704,CUST0086,North,Furniture,Mobile,1,1405
1615,2023-08-12 17:16:23.783783784,CUST0141,East,Fashion,Headphones,3,1015
1616,2023-08-13 02:01:04.864864864,CUST0187,West,Fashion,Rice,4,3181
1617,2023-08-13 10:45:45.945945948,CUST0019,East,Furniture,Shirt,5,4347
1618,2023-08-13 19:30:27.027027028,CUST0177,West,Fashion,Table,5,1128
1619,2023-08-14 04:15:08.108108108,CUST0100,West,Groceries,Shoes,1,2077
1620,2023-08-14 12:59:49.189189188,CUST0140,North,Electronics,Sofa,3,3454
1621,2023-08-14 21:44:30.270270272,CUST0189,East,Electronics,Mobile,2,2611
1622,2023-08-15 06:29:11.351351352,CUST0147,East,Electronics,Sofa,2,370
1623,2023-08-15 15:13:52.432432432,CUST0076,West,Electronics,Shirt,3,1286
1624,2023-08-15 23:58:33.513513516,CUST0009,East,Furniture,Table,2,4655
1625,2023-08-16 08:43:14.594594596,CUST0199,South,Electronics,Mobile,1,4300
1626,2023-08-16 17:27:55.675675676,CUST0028,South,Electronics,Table,1,3864
1627,2023-08-17 02:12:36.756756756,CUST0128,East,Electronics,Rice,3,2498
1628,2023-08-17 10:57:17.837837840,CUST0052,East,Electronics,Watch,2,4629
1629,2023-08-17 19:41:58.918918920,CUST0083,West,Groceries,Mobile,1,4335
1630,2023-08-18 04:26:40.000000000,CUST0111,South,Electronics,Sofa,1,4282
1631,2023-08-18 13:11:21.081081080,CUST0144,South,Groceries,Shirt,4,1811
1632,2023-08-18 21:56:02.162162164,CUST0117,North,Furniture,Headphones,4,2330
1633,2023-08-19 06:40:43.243243244,CUST0069,West,Fashion,Rice,1,228
1634,2023-08-19 15:25:24.324324324,CUST0099,North,Electronics,Watch,3,1369
1635,2023-08-20 00:10:05.405405408,CUST0140,South,Fashion,Headphones,5,3772
1636,2023-08-20 08:54:46.486486488,CUST0025,West,Fashion,Laptop,5,1701
1637,2023-08-20 17:39:27.567567568,CUST0180,East,Furniture,Rice,1,4865
1638,2023-08-21 02:24:08.648648648,CUST0123,West,Fashion,Shirt,1,4070
1639,2023-08-21 11:08:49.729729732,CUST0053,East,Groceries,Shoes,1,4344
1640,2023-08-21 19:53:30.810810812,CUST0151,East,Fashion,Mobile,3,727
1641,2023-08-22 04:38:11.891891892,CUST0144,West,Fashion,Table,4,3897
1642,2023-08-22 13:22:52.972972972,CUST0057,East,Fashion,Shirt,1,2144
1643,2023-08-22 22:07:34.054054056,CUST0039,North,Electronics,Mobile,1,3652
1644,2023-08-23 06:52:15.135135136,CUST0109,South,Electronics,Headphones,2,2441
1645,2023-08-23 15:36:56.216216216,CUST0181,East,Groceries,Table,3,3314
1646,2023-08-24 00:21:37.297297296,CUST0042,North,Groceries,TV,1,349
1647,2023-08-24 09:06:18.378378380,CUST0186,East,Electronics,Sofa,2,3025
1648,2023-08-24 17:50:59.459459460,CUST0167,South,Groceries,Laptop,5,1074
1649,2023-08-25 02:35:40.540540540,CUST0142,North,Electronics,Rice,1,1425
1650,2023-08-25 11:20:21.621621624,CUST0122,South,Furniture,Shirt,1,1083
1651,2023-08-25 20:05:02.702702704,CUST0133,South,Fashion,Laptop,2,988
1652,2023-08-26 04:49:43.783783784,CUST0163,North,Fashion,Shoes,3,3037
1653,2023-08-26 13:34:24.864864864,CUST0075,North,Groceries,Mobile,1,2217
1654,2023-08-26 22:19:05.945945948,CUST0146,North,Electronics,Mobile,5,2772
1655,2023-08-27 07:03:47.027027028,CUST0076,West,Electronics,Shirt,1,1426
1656,2023-08-27 15:48:28.108108108,CUST0009,North,Groceries,Watch,5,570
1657,2023-08-28 00:33:09.189189188,CUST0074,North,Electronics,Watch,4,2087
1658,2023-08-28 09:17:50.270270272,CUST0186,North,Furniture,TV,4,190
1659,2023-08-28 18:02:31.351351352,CUST0145,North,Fashion,Sofa,5,629
1660,2023-08-29 02:47:12.432432432,CUST0007,East,Groceries,Table,3,4856
1661,2023-08-29 11:31:53.513513516,CUST0174,West,Groceries,Shoes,1,4159
1662,2023-08-29 20:16:34.594594596,CUST0141,South,Electronics,Laptop,1,4934
1663,2023-08-30 05:01:15.675675676,CUST0168,North,Groceries,Watch,4,2873
1664,2023-08-30 13:45:56.756756756,CUST0170,East,Furniture,TV,5,1786
1665,2023-08-30 22:30:37.837837840,CUST0137,East,Electronics,TV,1,291
1666,2023-08-31 07:15:18.918918920,CUST0178,East,Electronics,Shirt,1,2086
1667,2023-08-31 16:00:00.000000000,CUST0027,South,Electronics,Shoes,3,3723
1668,2023-09-01 00:44:41.081081080,CUST0122,North,Electronics,Headphones,2,2285
1669,2023-09-01 09:29:22.162162164,CUST0194,West,Furniture,Table,4,4540
1670,2023-09-01 18:14:03.243243244,CUST0005,West,Electronics,Sofa,4,1108
1671,2023-09-02 02:58:44.324324324,CUST0029,East,Groceries,Rice,2,3883
1672,2023-09-02 11:43:25.405405408,CUST0165,South,Furniture,Shirt,1,4398
1673,2023-09-02 20:28:06.486486488,CUST0166,South,Fashion,Table,3,4768
1674,2023-09-03 05:12:47.567567568,CUST0083,South,Fashion,Rice,3,4387
1675,2023-09-03 13:57:28.648648648,CUST0136,West,Groceries,Rice,4,2152
1676,2023-09-03 22:42:09.729729732,CUST0109,East,Groceries,Shoes,3,3408
1677,2023-09-04 07:26:50.810810812,CUST0065,North,Furniture,Shoes,2,1816
1678,2023-09-04 16:11:31.891891892,CUST0086,West,Fashion,Laptop,1,410
1679,2023-09-05 00:56:12.972972972,CUST0145,East,Fashion,TV,2,4638
1680,2023-09-05 09:40:54.054054056,CUST0071,East,Fashion,Table,5,1360
1681,2023-09-05 18:25:35.135135136,CUST0045,North,Fashion,Shirt,4,4032
1682,2023-09-06 03:10:16.216216216,CUST0132,North,Fashion,Mobile,3,3368
1683,2023-09-06 11:54:57.297297296,CUST0036,North,Electronics,Shirt,5,684
1684,2023-09-06 20:39:38.378378380,CUST0070,South,Groceries,Laptop,3,2899
1685,2023-09-07 05:24:19.459459460,CUST0159,North,Electronics,Sofa,1,459
1686,2023-09-07 14:09:00.540540540,CUST0019,East,Fashion,TV,1,2966
1687,2023-09-07 22:53:41.621621624,CUST0189,North,Furniture,Mobile,1,2111
1688,2023-09-08 07:38:22.702702704,CUST0108,East,Furniture,Watch,3,4106
1689,2023-09-08 16:23:03.783783784,CUST0182,West,Fashion,Sofa,5,1725
1690,2023-09-09 01:07:44.864864864,CUST0167,South,Fashion,Shoes,1,2864
1691,2023-09-09 09:52:25.945945948,CUST0091,West,Furniture,Rice,5,990
1692,2023-09-09 18:37:07.027027028,CUST0090,West,Electronics,Watch,3,831
1693,2023-09-10 03:21:48.108108108,CUST0019,East,Electronics,Shirt,5,4061
1694,2023-09-10 12:06:29.189189188,CUST0039,West,Fashion,Shirt,3,4801
1695,2023-09-10 20:51:10.270270272,CUST0126,East,Electronics,Shoes,3,2604
1696,2023-09-11 05:35:51.351351352,CUST0195,North,Furniture,Laptop,4,714
1697,2023-09-11 14:20:32.432432432,CUST0173,North,Electronics,Table,3,3906
1698,2023-09-11 23:05:13.513513516,CUST0141,East,Fashion,Watch,3,1819
1699,2023-09-12 07:49:54.594594596,CUST0126,North,Furniture,Watch,2,4869
1700,2023-09-12 16:34:35.675675676,CUST0058,South,Electronics,Headphones,1,1687
1701,2023-09-13 01:19:16.756756756,CUST0148,West,Groceries,Sofa,4,1711
1702,2023-09-13 10:03:57.837837840,CUST0061,South,Furniture,TV,4,996
1703,2023-09-13 18:48:38.918918920,CUST0127,West,Furniture,Sofa,4,377
1704,2023-09-14 03:33:20.000000000,CUST0105,North,Groceries,Table,2,4747
1705,2023-09-14 12:18:01.081081080,CUST0167,South,Groceries,Shirt,3,1736
1706,2023-09-14 21:02:42.162162164,CUST0001,North,Furniture,Shirt,1,2258
1707,2023-09-15 05:47:23.243243244,CUST0131,West,Groceries,Shirt,5,2532
1708,2023-09-15 14:32:04.324324324,CUST0092,East,Fashion,Headphones,3,4004
1709,2023-09-15 23:16:45.405405408,CUST0190,East,Fashion,Shirt,2,4956
1710,2023-09-16 08:01:26.486486488,CUST0191,South,Fashion,Table,3,3362
1711,2023-09-16 16:46:07.567567568,CUST0113,North,Furniture,Shoes,3,1549
1712,2023-09-17 01:30:48.648648648,CUST0153,North,Groceries,TV,2,4600
1713,2023-09-17 10:15:29.729729732,CUST0056,South,Groceries,Table,4,1332
1714,2023-09-17 19:00:10.810810812,CUST0161,East,Electronics,TV,4,4217
1715,2023-09-18 03:44:51.891891892,CUST0166,West,Electronics,Table,1,777
1716,2023-09-18 12:29:32.972972972,CUST0117,South,Groceries,Shirt,1,2758
1717,2023-09-18 21:14:14.054054056,CUST0134,West,Groceries,Shoes,4,2128
1718,2023-09-19 05:58:55.135135136,CUST0058,East,Groceries,Watch,5,3858
1719,2023-09-19 14:43:36.216216216,CUST0044,North,Furniture,Sofa,3,4724
1720,2023-09-19 23:28:17.297297296,CUST0173,East,Groceries,Rice,5,2137
1721,2023-09-20 08:12:58.378378380,CUST0160,South,Electronics,Shoes,3,2749
1722,2023-09-20 16:57:39.459459460,CUST0173,North,Furniture,Watch,4,756
1723,2023-09-21 01:42:20.540540540,CUST0061,South,Groceries,Laptop,1,265
1724,2023-09-21 10:27:01.621621624,CUST0047,South,Electronics,Table,1,4691
1725,2023-09-21 19:11:42.702702704,CUST0149,East,Furniture,Laptop,5,689
1726,2023-09-22 03:56:23.783783784,CUST0080,South,Groceries,Watch,1,4624
1727,2023-09-22 12:41:04.864864864,CUST0118,East,Groceries,Shoes,4,2921
1728,2023-09-22 21:25:45.945945948,CUST0164,North,Groceries,Table,5,4358
1729,2023-09-23 06:10:27.027027028,CUST0147,East,Furniture,Rice,3,1362
1730,2023-09-23 14:55:08.108108108,CUST0020,North,Electronics,Shirt,1,171
1731,2023-09-23 23:39:49.189189188,CUST0185,East,Electronics,Table,2,3616
1732,2023-09-24 08:24:30.270270272,CUST0146,West,Fashion,Table,1,4850
1733,2023-09-24 17:09:11.351351352,CUST0047,West,Groceries,Shoes,3,3680
1734,2023-09-25 01:53:52.432432432,CUST0049,South,Fashion,Shoes,5,368
1735,2023-09-25 10:38:33.513513516,CUST0014,East,Fashion,Watch,3,1876
1736,2023-09-25 19:23:14.594594596,CUST0143,East,Electronics,Mobile,2,2562
1737,2023-09-26 04:07:55.675675676,CUST0159,North,Furniture,Table,4,1368
1738,2023-09-26 12:52:36.756756756,CUST0001,South,Furniture,Sofa,1,1115
1739,2023-09-26 21:37:17.837837840,CUST0117,East,Electronics,Table,5,2822
1740,2023-09-27 06:21:58.918918920,CUST0054,South,Furniture,Watch,4,1183
1741,2023-09-27 15:06:40.000000000,CUST0118,West,Fashion,TV,3,4201
1742,2023-09-27 23:51:21.081081080,CUST0003,East,Groceries,Laptop,5,506
1743,2023-09-28 08:36:02.162162164,CUST0144,East,Electronics,Shirt,4,3176
1744,2023-09-28 17:20:43.243243244,CUST0185,South,Groceries,Mobile,5,1085
1745,2023-09-29 02:05:24.324324324,CUST0012,East,Furniture,Rice,2,3703
1746,2023-09-29 10:50:05.405405408,CUST0074,South,Groceries,Rice,2,4585
1747,2023-09-29 19:34:46.486486488,CUST0016,East,Furniture,Rice,1,809
1748,2023-09-30 04:19:27.567567568,CUST0102,North,Furniture,Shoes,1,2718
1749,2023-09-30 13:04:08.648648648,CUST0152,South,Fashion,Rice,2,4949
1750,2023-09-30 21:48:49.729729732,CUST0156,East,Furniture,Shirt,5,1511
1751,2023-10-01 06:33:30.810810812,CUST0117,West,Fashion,Laptop,2,4721
1752,2023-10-01 15:18:11.891891892,CUST0008,East,Fashion,Rice,1,1585
1753,2023-10-02 00:02:52.972972972,CUST0122,West,Fashion,Table,2,3050
1754,2023-10-02 08:47:34.054054056,CUST0092,West,Electronics,Table,2,4751
1755,2023-10-02 17:32:15.135135136,CUST0164,North,Electronics,Shoes,5,3034
1756,2023-10-03 02:16:56.216216216,CUST0090,South,Furniture,Shirt,4,4214
1757,2023-10-03 11:01:37.297297300,CUST0136,East,Fashion,Laptop,1,4770
1758,2023-10-03 19:46:18.378378380,CUST0186,North,Electronics,Mobile,5,1103
1759,2023-10-04 04:30:59.459459460,CUST0060,East,Fashion,Watch,2,2566
1760,2023-10-04 13:15:40.540540540,CUST0178,West,Groceries,Laptop,2,2566
1761,2023-10-04 22:00:21.621621624,CUST0028,South,Groceries,Watch,4,2038
1762,2023-10-05 06:45:02.702702704,CUST0101,East,Groceries,TV,1,2039
1763,2023-10-05 15:29:43.783783784,CUST0041,East,Furniture,Watch,1,1735
1764,2023-10-06 00:14:24.864864864,CUST0192,West,Fashion,Sofa,3,1798
1765,2023-10-06 08:59:05.945945948,CUST0155,East,Groceries,Table,1,4627
1766,2023-10-06 17:43:47.027027028,CUST0191,East,Electronics,Shirt,4,2191
1767,2023-10-07 02:28:28.108108108,CUST0145,West,Groceries,Headphones,3,1995
1768,2023-10-07 11:13:09.189189188,CUST0161,North,Groceries,Shoes,3,4340
1769,2023-10-07 19:57:50.270270272,CUST0157,West,Groceries,Sofa,2,3498
1770,2023-10-08 04:42:31.351351352,CUST0141,North,Furniture,Watch,2,1173
1771,2023-10-08 13:27:12.432432432,CUST0046,South,Electronics,Rice,1,2502
1772,2023-10-08 22:11:53.513513516,CUST0035,North,Fashion,Shirt,3,4995
1773,2023-10-09 06:56:34.594594596,CUST0134,North,Electronics,Sofa,2,3312
1774,2023-10-09 15:41:15.675675676,CUST0082,South,Fashion,Shoes,4,4137
1775,2023-10-10 00:25:56.756756756,CUST0115,North,Furniture,Table,2,1251
1776,2023-10-10 09:10:37.837837840,CUST0197,West,Furniture,Shirt,2,2545
1777,2023-10-10 17:55:18.918918920,CUST0047,North,Furniture,Shoes,3,2056
1778,2023-10-11 02:40:00.000000000,CUST0153,South,Furniture,TV,3,4658
1779,2023-10-11 11:24:41.081081080,CUST0194,West,Fashion,TV,5,4007
1780,2023-10-11 20:09:22.162162164,CUST0010,South,Groceries,Shoes,4,907
1781,2023-10-12 04:54:03.243243244,CUST0056,South,Fashion,Sofa,3,286
1782,2023-10-12 13:38:44.324324324,CUST0030,East,Electronics,Shirt,1,4927
1783,2023-10-12 22:23:25.405405408,CUST0109,East,Furniture,Sofa,4,4624
1784,2023-10-13 07:08:06.486486488,CUST0005,South,Furniture,Mobile,4,1407
1785,2023-10-13 15:52:47.567567568,CUST0119,South,Electronics,Watch,3,2384
1786,2023-10-14 00:37:28.648648648,CUST0033,South,Fashion,Mobile,4,4966
1787,2023-10-14 09:22:09.729729732,CUST0118,East,Groceries,TV,3,857
1788,2023-10-14 18:06:50.810810812,CUST0065,East,Groceries,Table,2,4331
1789,2023-10-15 02:51:31.891891892,CUST0146,North,Electronics,Laptop,5,4987
1790,2023-10-15 11:36:12.972972972,CUST0177,North,Groceries,Watch,2,3954
1791,2023-10-15 20:20:54.054054056,CUST0011,South,Fashion,TV,3,4366
1792,2023-10-16 05:05:35.135135136,CUST0085,West,Fashion,Sofa,3,2306
1793,2023-10-16 13:50:16.216216216,CUST0026,West,Electronics,Sofa,2,3658
1794,2023-10-16 22:34:57.297297300,CUST0063,East,Fashion,Sofa,1,1680
1795,2023-10-17 07:19:38.378378380,CUST0086,East,Furniture,Table,1,1061
1796,2023-10-17 16:04:19.459459460,CUST0059,East,Electronics,Mobile,1,3947
1797,2023-10-18 00:49:00.540540540,CUST0027,South,Fashion,Laptop,3,3675
1798,2023-10-18 09:33:41.621621624,CUST0177,West,Electronics,Sofa,4,975
1799,2023-10-18 18:18:22.702702704,CUST0161,North,Groceries,Headphones,3,2518
1800,2023-10-19 03:03:03.783783784,CUST0098,South,Fashion,Watch,4,4298
1801,2023-10-19 11:47:44.864864864,CUST0105,North,Furniture,Shirt,2,1101
1802,2023-10-19 20:32:25.945945948,CUST0099,North,Fashion,Headphones,5,3484
1803,2023-10-20 05:17:07.027027028,CUST0129,South,Electronics,Laptop,4,4166
1804,2023-10-20 14:01:48.108108108,CUST0149,North,Electronics,Table,1,2945
1805,2023-10-20 22:46:29.189189188,CUST0055,West,Fashion,Laptop,3,1581
1806,2023-10-21 07:31:10.270270272,CUST0006,North,Furniture,Shirt,2,3401
1807,2023-10-21 16:15:51.351351352,CUST0197,West,Furniture,Watch,1,757
1808,2023-10-22 01:00:32.432432432,CUST0095,West,Furniture,Shirt,2,2880
1809,2023-10-22 09:45:13.513513516,CUST0133,West,Electronics,Shoes,5,522
1810,2023-10-22 18:29:54.594594596,CUST0102,East,Fashion,Watch,3,3781
1811,2023-10-23 03:14:35.675675676,CUST0003,North,Groceries,Laptop,3,4366
1812,2023-10-23 11:59:16.756756756,CUST0181,South,Electronics,Sofa,5,2810
1813,2023-10-23 20:43:57.837837840,CUST0023,South,Furniture,Laptop,3,552
1814,2023-10-24 05:28:38.918918920,CUST0053,North,Fashion,Laptop,4,2497
1815,2023-10-24 14:13:20.000000000,CUST0165,East,Furniture,Watch,2,2075
1816,2023-10-24 22:58:01.081081080,CUST0083,East,Groceries,Shoes,1,1757
1817,2023-10-25 07:42:42.162162164,CUST0145,West,Furniture,Laptop,5,2641
1818,2023-10-25 16:27:23.243243244,CUST0085,North,Furniture,Headphones,4,3175
1819,2023-10-26 01:12:04.324324324,CUST0078,North,Groceries,TV,1,3264
1820,2023-10-26 09:56:45.405405408,CUST0110,South,Fashion,Rice,1,3066
1821,2023-10-26 18:41:26.486486488,CUST0001,North,Electronics,Rice,5,2153
1822,2023-10-27 03:26:07.567567568,CUST0051,East,Fashion,Laptop,4,387
1823,2023-10-27 12:10:48.648648648,CUST0173,North,Groceries,Headphones,1,3317
1824,2023-10-27 20:55:29.729729732,CUST0004,South,Furniture,Sofa,1,3954
1825,2023-10-28 05:40:10.810810812,CUST0190,West,Fashion,Table,4,1547
1826,2023-10-28 14:24:51.891891892,CUST0193,South,Electronics,Table,3,707
1827,2023-10-28 23:09:32.972972972,CUST0113,South,Groceries,Watch,1,4652
1828,2023-10-29 07:54:14.054054056,CUST0032,West,Fashion,Rice,2,1864
1829,2023-10-29 16:38:55.135135136,CUST0034,South,Electronics,Laptop,4,1325
1830,2023-10-30 01:23:36.216216216,CUST0092,South,Groceries,Table,1,1335
1831,2023-10-30 10:08:17.297297300,CUST0095,North,Electronics,Laptop,5,1129
1832,2023-10-30 18:52:58.378378380,CUST0072,North,Groceries,Watch,2,2771
1833,2023-10-31 03:37:39.459459460,CUST0039,West,Furniture,Rice,1,4062
1834,2023-10-31 12:22:20.540540540,CUST0154,North,Fashion,Shirt,2,4642
1835,2023-10-31 21:07:01.621621624,CUST0162,North,Electronics,TV,2,3277
1836,2023-11-01 05:51:42.702702704,CUST0182,South,Groceries,TV,3,3822
1837,2023-11-01 14:36:23.783783784,CUST0118,East,Electronics,Table,2,1575
1838,2023-11-01 23:21:04.864864864,CUST0003,North,Electronics,TV,3,2996
1839,2023-11-02 08:05:45.945945948,CUST0123,East,Fashion,Shirt,4,908
1840,2023-11-02 16:50:27.027027028,CUST0050,North,Furniture,Laptop,3,1078
1841,2023-11-03 01:35:08.108108108,CUST0012,North,Electronics,Watch,5,2563
1842,2023-11-03 10:19:49.189189188,CUST0193,West,Groceries,Shirt,1,825
1843,2023-11-03 19:04:30.270270272,CUST0054,West,Groceries,Watch,4,2601
1844,2023-11-04 03:49:11.351351352,CUST0133,West,Furniture,Watch,4,3462
1845,2023-11-04 12:33:52.432432432,CUST0057,East,Groceries,Rice,5,1316
1846,2023-11-04 21:18:33.513513516,CUST0145,South,Furniture,Laptop,3,4151
1847,2023-11-05 06:03:14.594594596,CUST0112,North,Groceries,Headphones,1,2297
1848,2023-11-05 14:47:55.675675676,CUST0047,North,Fashion,TV,3,2906
1849,2023-11-05 23:32:36.756756756,CUST0151,North,Electronics,Headphones,2,878
1850,2023-11-06 08:17:17.837837840,CUST0085,East,Fashion,Rice,3,1072
1851,2023-11-06 17:01:58.918918920,CUST0142,West,Electronics,Watch,4,2910
1852,2023-11-07 01:46:40.000000000,CUST0066,South,Electronics,Table,1,2223
1853,2023-11-07 10:31:21.081081080,CUST0075,East,Electronics,TV,3,698
1854,2023-11-07 19:16:02.162162164,CUST0179,West,Fashion,TV,1,3441
1855,2023-11-08 04:00:43.243243244,CUST0103,East,Electronics,Laptop,1,324
1856,2023-11-08 12:45:24.324324324,CUST0166,South,Fashion,Shoes,2,940
1857,2023-11-08 21:30:05.405405408,CUST0192,West,Furniture,Mobile,2,1914
1858,2023-11-09 06:14:46.486486488,CUST0038,East,Groceries,Mobile,4,4909
1859,2023-11-09 14:59:27.567567568,CUST0050,South,Groceries,Mobile,5,1206
1860,2023-11-09 23:44:08.648648648,CUST0098,North,Electronics,Shoes,1,224
1861,2023-11-10 08:28:49.729729732,CUST0082,South,Fashion,Laptop,5,3346
1862,2023-11-10 17:13:30.810810812,CUST0030,North,Groceries,Shoes,4,3031
1863,2023-11-11 01:58:11.891891892,CUST0079,East,Fashion,Mobile,1,4225
1864,2023-11-11 10:42:52.972972972,CUST0091,West,Fashion,Rice,1,3071
1865,2023-11-11 19:27:34.054054056,CUST0179,West,Electronics,Shirt,5,2117
1866,2023-11-12 04:12:15.135135136,CUST0191,East,Groceries,Watch,3,2515
1867,2023-11-12 12:56:56.216216216,CUST0052,West,Electronics,Shoes,2,4690
1868,2023-11-12 21:41:37.297297300,CUST0166,West,Electronics,Laptop,3,3196
1869,2023-11-13 06:26:18.378378380,CUST0079,North,Groceries,Laptop,5,1709
1870,2023-11-13 15:10:59.459459460,CUST0030,East,Groceries,Headphones,2,817
1871,2023-11-13 23:55:40.540540540,CUST0106,South,Furniture,Shirt,3,3661
1872,2023-11-14 08:40:21.621621624,CUST0051,North,Furniture,Table,2,1116
1873,2023-11-14 17:25:02.702702704,CUST0081,East,Fashion,TV,1,3665
1874,2023-11-15 02:09:43.783783784,CUST0133,North,Groceries,Mobile,3,4801
1875,2023-11-15 10:54:24.864864864,CUST0029,South,Furniture,Table,2,4570
1876,2023-11-15 19:39:05.945945948,CUST0132,South,Fashion,Headphones,2,2060
1877,2023-11-16 04:23:47.027027028,CUST0138,East,Fashion,Mobile,2,1148
1878,2023-11-16 13:08:28.108108108,CUST0184,South,Fashion,Shirt,3,1457
1879,2023-11-16 21:53:09.189189192,CUST0145,North,Furniture,Headphones,4,3526
1880,2023-11-17 06:37:50.270270272,CUST0074,South,Groceries,Mobile,3,215
1881,2023-11-17 15:22:31.351351352,CUST0017,North,Electronics,Shirt,5,2195
1882,2023-11-18 00:07:12.432432432,CUST0084,North,Fashion,Sofa,3,1901
1883,2023-11-18 08:51:53.513513516,CUST0069,South,Furniture,Table,2,2246
1884,2023-11-18 17:36:34.594594596,CUST0034,East,Furniture,Table,1,1720
1885,2023-11-19 02:21:15.675675676,CUST0006,West,Electronics,TV,3,4880
1886,2023-11-19 11:05:56.756756756,CUST0053,South,Electronics,Shirt,3,3050
1887,2023-11-19 19:50:37.837837840,CUST0194,North,Furniture,Shoes,2,3892
1888,2023-11-20 04:35:18.918918920,CUST0126,North,Groceries,Sofa,1,3041
1889,2023-11-20 13:20:00.000000000,CUST0043,South,Electronics,Rice,1,1077
1890,2023-11-20 22:04:41.081081080,CUST0115,East,Furniture,Mobile,5,3166
1891,2023-11-21 06:49:22.162162164,CUST0111,East,Electronics,Sofa,3,883
1892,2023-11-21 15:34:03.243243244,CUST0151,North,Groceries,Shirt,1,340
1893,2023-11-22 00:18:44.324324324,CUST0183,North,Fashion,Watch,1,1653
1894,2023-11-22 09:03:25.405405408,CUST0080,East,Electronics,Mobile,4,4678
1895,2023-11-22 17:48:06.486486488,CUST0095,West,Groceries,Laptop,4,1112
1896,2023-11-23 02:32:47.567567568,CUST0118,South,Furniture,Table,1,286
1897,2023-11-23 11:17:28.648648648,CUST0144,North,Electronics,Shirt,5,1981
1898,2023-11-23 20:02:09.729729732,CUST0008,North,Electronics,Laptop,1,4686
1899,2023-11-24 04:46:50.810810812,CUST0132,East,Furniture,TV,2,530
1900,2023-11-24 13:31:31.891891892,CUST0104,South,Fashion,Headphones,3,338
1901,2023-11-24 22:16:12.972972972,CUST0132,East,Furniture,Rice,5,2445
1902,2023-11-25 07:00:54.054054056,CUST0184,South,Electronics,Rice,2,175
1903,2023-11-25 15:45:35.135135136,CUST0025,South,Furniture,Laptop,5,1456
1904,2023-11-26 00:30:16.216216216,CUST0195,South,Groceries,Table,2,2430
1905,2023-11-26 09:14:57.297297300,CUST0096,North,Furniture,TV,3,4786
1906,2023-11-26 17:59:38.378378380,CUST0195,West,Electronics,Watch,3,2002
1907,2023-11-27 02:44:19.459459460,CUST0155,East,Furniture,Table,4,4113
1908,2023-11-27 11:29:00.540540540,CUST0093,West,Fashion,Sofa,2,4770
1909,2023-11-27 20:13:41.621621624,CUST0160,East,Furniture,Rice,4,2159
1910,2023-11-28 04:58:22.702702704,CUST0178,South,Fashion,Sofa,2,240
1911,2023-11-28 13:43:03.783783784,CUST0061,North,Groceries,Mobile,4,1889
1912,2023-11-28 22:27:44.864864864,CUST0122,West,Fashion,Shoes,3,3726
1913,2023-11-29 07:12:25.945945948,CUST0051,North,Furniture,Shirt,5,116
1914,2023-11-29 15:57:07.027027028,CUST0147,East,Electronics,TV,4,4448
1915,2023-11-30 00:41:48.108108108,CUST0021,North,Fashion,Table,2,564
1916,2023-11-30 09:26:29.189189192,CUST0005,North,Groceries,Rice,2,4571
1917,2023-11-30 18:11:10.270270272,CUST0092,West,Fashion,Sofa,3,1927
1918,2023-12-01 02:55:51.351351352,CUST0170,South,Fashion,Headphones,2,3128
1919,2023-12-01 11:40:32.432432432,CUST0061,North,Fashion,Mobile,1,619
1920,2023-12-01 20:25:13.513513516,CUST0022,South,Groceries,Shirt,5,189
1921,2023-12-02 05:09:54.594594596,CUST0149,East,Furniture,Shirt,4,4915
1922,2023-12-02 13:54:35.675675676,CUST0070,North,Fashion,Table,5,2951
1923,2023-12-02 22:39:16.756756756,CUST0001,West,Fashion,TV,3,2943
1924,2023-12-03 07:23:57.837837840,CUST0133,East,Electronics,Watch,4,4825
1925,2023-12-03 16:08:38.918918920,CUST0012,East,Groceries,Headphones,4,1984
1926,2023-12-04 00:53:20.000000000,CUST0090,West,Fashion,Table,1,4271
1927,2023-12-04 09:38:01.081081080,CUST0046,North,Groceries,Sofa,3,1025
1928,2023-12-04 18:22:42.162162164,CUST0034,North,Fashion,Shoes,2,3834
1929,2023-12-05 03:07:23.243243244,CUST0177,East,Furniture,Laptop,1,1069
1930,2023-12-05 11:52:04.324324324,CUST0078,North,Furniture,Watch,1,1194
1931,2023-12-05 20:36:45.405405408,CUST0045,South,Fashion,TV,5,3295
1932,2023-12-06 05:21:26.486486488,CUST0155,West,Furniture,Mobile,5,1504
1933,2023-12-06 14:06:07.567567568,CUST0073,South,Fashion,Watch,5,3464
1934,2023-12-06 22:50:48.648648648,CUST0026,North,Furniture,Rice,1,4390
1935,2023-12-07 07:35:29.729729732,CUST0047,East,Electronics,TV,2,4082
1936,2023-12-07 16:20:10.810810812,CUST0121,West,Electronics,Shoes,4,4423
1937,2023-12-08 01:04:51.891891892,CUST0056,North,Electronics,Rice,5,4113
1938,2023-12-08 09:49:32.972972972,CUST0094,North,Groceries,Watch,2,4656
1939,2023-12-08 18:34:14.054054056,CUST0107,East,Groceries,Laptop,3,4813
1940,2023-12-09 03:18:55.135135136,CUST0063,East,Electronics,Laptop,5,3192
1941,2023-12-09 12:03:36.216216216,CUST0048,South,Groceries,Shoes,4,4259
1942,2023-12-09 20:48:17.297297300,CUST0061,West,Furniture,Shirt,3,2174
1943,2023-12-10 05:32:58.378378380,CUST0081,West,Fashion,Headphones,3,384
1944,2023-12-10 14:17:39.459459460,CUST0026,East,Fashion,Mobile,4,1287
1945,2023-12-10 23:02:20.540540540,CUST0036,South,Fashion,Shirt,5,4069
1946,2023-12-11 07:47:01.621621624,CUST0001,West,Electronics,Laptop,1,3065
1947,2023-12-11 16:31:42.702702704,CUST0008,East,Groceries,Laptop,4,4419
1948,2023-12-12 01:16:23.783783784,CUST0113,North,Furniture,Sofa,4,883
1949,2023-12-12 10:01:04.864864864,CUST0099,West,Furniture,Rice,4,1049
1950,2023-12-12 18:45:45.945945948,CUST0180,South,Electronics,Watch,3,4039
1951,2023-12-13 03:30:27.027027028,CUST0047,South,Furniture,Mobile,2,144
1952,2023-12-13 12:15:08.108108108,CUST0127,South,Furniture,Shoes,1,1910
1953,2023-12-13 20:59:49.189189192,CUST0056,North,Furniture,Watch,5,4666
1954,2023-12-14 05:44:30.270270272,CUST0014,West,Furniture,Sofa,5,2181
1955,2023-12-14 14:29:11.351351352,CUST0028,West,Groceries,Laptop,2,3598
1956,2023-12-14 23:13:52.432432432,CUST0078,North,Furniture,Shoes,4,929
1957,2023-12-15 07:58:33.513513516,CUST0130,West,Fashion,Laptop,1,2009
1958,2023-12-15 16:43:14.594594596,CUST0109,North,Electronics,Mobile,5,2681
1959,2023-12-16 01:27:55.675675676,CUST0154,North,Groceries,Rice,5,791
1960,2023-12-16 10:12:36.756756756,CUST0014,North,Furniture,Watch,4,4119
1961,2023-12-16 18:57:17.837837840,CUST0187,South,Groceries,Watch,2,1031
1962,2023-12-17 03:41:58.918918920,CUST0056,West,Furniture,Shirt,1,3506
1963,2023-12-17 12:26:40.000000000,CUST0115,North,Fashion,Shoes,2,247
1964,2023-12-17 21:11:21.081081080,CUST0007,West,Electronics,Headphones,2,1132
1965,2023-12-18 05:56:02.162162164,CUST0003,South,Furniture,Sofa,1,1411
1966,2023-12-18 14:40:43.243243244,CUST0111,North,Furniture,Headphones,1,487
1967,2023-12-18 23:25:24.324324324,CUST0151,East,Furniture,Shirt,5,3221
1968,2023-12-19 08:10:05.405405408,CUST0107,South,Furniture,Mobile,5,1973
1969,2023-12-19 16:54:46.486486488,CUST0018,East,Electronics,Sofa,1,3688
1970,2023-12-20 01:39:27.567567568,CUST0038,West,Electronics,Rice,3,1015
1971,2023-12-20 10:24:08.648648648,CUST0115,West,Fashion,Headphones,5,1978
1972,2023-12-20 19:08:49.729729732,CUST0015,South,Electronics,Rice,3,3848
1973,2023-12-21 03:53:30.810810812,CUST0192,West,Furniture,Headphones,1,377
1974,2023-12-21 12:38:11.891891892,CUST0119,East,Fashion,Rice,5,2077
1975,2023-12-21 21:22:52.972972972,CUST0028,North,Fashion,Headphones,2,1959
1976,2023-12-22 06:07:34.054054056,CUST0039,North,Fashion,Rice,1,3136
1977,2023-12-22 14:52:15.135135136,CUST0185,North,Furniture,Shirt,4,3471
1978,2023-12-22 23:36:56.216216216,CUST0017,South,Groceries,TV,3,4813
1979,2023-12-23 08:21:37.297297300,CUST0086,West,Furniture,Sofa,1,2282
1980,2023-12-23 17:06:18.378378380,CUST0126,East,Electronics,Shoes,1,4775
1981,2023-12-24 01:50:59.459459460,CUST0044,West,Electronics,Mobile,5,1270
1982,2023-12-24 10:35:40.540540540,CUST0025,West,Furniture,Table,5,589
1983,2023-12-24 19:20:21.621621624,CUST0145,West,Furniture,Laptop,5,2625
1984,2023-12-25 04:05:02.702702704,CUST0013,North,Fashion,Shoes,4,1282
1985,2023-12-25 12:49:43.783783784,CUST0025,East,Furniture,Laptop,5,4579
1986,2023-12-25 21:34:24.864864864,CUST0068,East,Fashion,Sofa,1,4358
1987,2023-12-26 06:19:05.945945948,CUST0138,West,Electronics,Shoes,5,2588
1988,2023-12-26 15:03:47.027027028,CUST0067,North,Fashion,Rice,2,1976
1989,2023-12-26 23:48:28.108108108,CUST0109,North,Furniture,Rice,5,2562
1990,2023-12-27 08:33:09.189189192,CUST0146,East,Electronics,Table,4,1730
1991,2023-12-27 17:17:50.270270272,CUST0111,North,Groceries,Laptop,2,387
1992,2023-12-28 02:02:31.351351352,CUST0111,North,Fashion,Mobile,1,4382
1993,2023-12-28 10:47:12.432432432,CUST0034,North,Electronics,Sofa,1,2007
1994,2023-12-28 19:31:53.513513516,CUST0111,South,Fashion,Rice,3,1261
1995,2023-12-29 04:16:34.594594596,CUST0008,West,Electronics,TV,2,229
1996,2023-12-29 13:01:15.675675676,CUST0168,East,Electronics,Shirt,3,2463
1997,2023-12-29 21:45:56.756756756,CUST0113,East,Fashion,Shirt,2,243
1998,2023-12-30 06:30:37.837837840,CUST0083,South,Groceries,Headphones,2,115
1999,2023-12-30 15:15:18.918918920,CUST0042,West,Electronics,Mobile,4,344
2000,2023-12-31 00:00:00.000000000,CUST0169,East,Electronics,Shirt,3,1026
